{
    "objectSaves": [
        {
            "hp": 0,
            "damge": 0,
            "inActive": false,
            "name": "AdventurePlayer",
            "position": {
                "x": -1.0069702863693238,
                "y": -1.149951696395874,
                "z": -1.891045093536377
            },
            "rotation": {
                "x": 0.0,
                "y": 0.0,
                "z": 0.008726535364985466,
                "w": 0.9999619126319885
            }
        }
    ]
}