{
    "objectSaves": [
        {
            "hp": 0,
            "damge": 0,
            "inActive": false,
            "name": "AdventurePlayer",
            "position": {
                "x": -0.7524118423461914,
                "y": -1.149951696395874,
                "z": -2.2075722217559816
            },
            "rotation": {
                "x": -0.0033394591882824899,
                "y": -0.38263368606567385,
                "z": 0.008062168955802918,
                "w": 0.9238589406013489
            }
        }
    ]
}