{
    "objectSaves": [
        {
            "hp": 0,
            "damge": 0,
            "inActive": false,
            "name": "AdventurePlayer",
            "position": {
                "x": -0.5402798652648926,
                "y": -0.1499519646167755,
                "z": 9.957351684570313
            },
            "rotation": {
                "x": 0.0,
                "y": 0.0,
                "z": 0.008726535364985466,
                "w": 0.9999619126319885
            }
        }
    ]
}