{
    "objectSaves": [
        {
            "hp": 0,
            "damge": 0,
            "inActive": false,
            "name": "AdventurePlayer",
            "position": {
                "x": -0.6921477913856506,
                "y": -1.1499519348144532,
                "z": -3.506958246231079
            },
            "rotation": {
                "x": 0.0,
                "y": 0.0,
                "z": 0.008726535364985466,
                "w": 0.9999619126319885
            }
        }
    ]
}